﻿Designator,Footprint,Quantity,Value,LCSC Part #
"D1, D10, D11, D12, D13, D14, D15, D16, D17, D18, D19, D2, D20, D21, D22, D23, D24, D25, D26, D27, D28, D29, D3, D30, D31, D32, D33, D34, D35, D36, D37, D38, D39, D4, D40, D41, D42, D5, D6, D7, D8, D9",Diode_SOD-123,42,Diode,
"EXSW1, EXSW2",RotaryEncoder_Alps_EC11E-Switch_Vertical_H20mm_CircularMountingHoles,2,RotaryEncoder_Switch,
J1,OLED_128x64,1,Conn_01x04,
"S1, S10, S11, S12, S13, S14, S15, S16, S17, S18, S19, S2, S20, S21, S22, S23, S24, S25, S26, S27, S28, S29, S3, S30, S31, S32, S33, S34, S35, S36, S37, S38, S39, S4, S40, S41, S42, S5, S6, S7, S8, S9",MX_PCB_1.00u,42,Keyswitch,
U1,Raspberry_Pi_Pico,1,Raspberry_Pi_Pico,
rD1,D_SOD-523,1,1N4148WT,C232841
"rLED1, rLED10, rLED11, rLED12, rLED13, rLED14, rLED15, rLED16, rLED17, rLED18, rLED19, rLED2, rLED20, rLED21, rLED22, rLED23, rLED24, rLED25, rLED26, rLED27, rLED28, rLED29, rLED3, rLED30, rLED31, rLED32, rLED33, rLED34, rLED35, rLED36, rLED37, rLED38, rLED39, rLED4, rLED40, rLED41, rLED42, rLED5, rLED6, rLED7, rLED8, rLED9",YS-SK6812MINI-E-withCUTOUT,42,YS-SK6812MINI-E,
